rank,strategy,seed,val_mse,val_relative_mse,condition,spectral_gap,spectral_radius
8,svd_sqrt,7,0.8716198028216622,0.2024013762049454,224.3693799685938,1.6590309224664983,0.980195071608224
8,svd_sqrt,11,0.8683918330559475,0.2016517999323394,223.37604437623492,1.6325777329891111,0.9825352540946484
8,svd_sqrt,19,0.8702666965200772,0.2020871674447659,220.76100843889247,1.547304316951534,0.981786757924661
8,svd_sqrt,29,0.8695763987600662,0.201926871388888,218.07706880590345,1.5855213591162909,0.9806497353435673
8,svd_sqrt,37,0.8697215596886319,0.2019605796314242,221.09317663616943,1.5686891792050195,0.9792798019685376
8,svd_full,7,2.4815327104832705,0.169306113238794,382.9513869263973,1.9748782267862075,0.9802665511833988
8,svd_full,11,2.470940841762328,0.1685834678682523,381.512604921461,1.941015030776534,0.9826100663832816
8,svd_full,19,2.476663736904383,0.1689739205626219,377.15902982117126,1.8269041196005764,0.9818568779993546
8,svd_full,29,2.474536819070379,0.1688288085557835,372.5092034101777,1.8805075263463196,0.9807172983323156
8,svd_full,37,2.4741579247412875,0.1688029579490533,377.6804210931335,1.857337217440579,0.979354024356998
8,svd_noscale,7,0.3294761978343716,0.2465990303911794,136.43949527951315,1.4366803531083006,0.980017335131889
8,svd_noscale,11,0.3284365898860629,0.2458209277126703,135.69865100885093,1.415068739671809,0.9823483034905276
8,svd_noscale,19,0.3290824182555789,0.246304302993703,134.10813766267026,1.3530492352592425,0.9816151999948356
8,svd_noscale,29,0.3288503051513998,0.2461305761302516,132.4775628032077,1.378345718728235,0.9804802122986436
8,svd_noscale,37,0.3290002928572337,0.2462428355986816,134.3130263301199,1.3665055080044677,0.9790997314824152
8,pca,7,0.8661079227726661,0.2019316181654571,220.1214758291571,1.657333875977578,0.9801948264853242
8,pca,11,0.8630057964423934,0.2012083625836119,219.22009179486068,1.6298390392835234,0.9825264267944864
8,pca,19,0.8647172575930131,0.2016073868974244,216.65768112459548,1.546189146089736,0.9817874644768232
8,pca,29,0.8641080925268773,0.2014653610778927,214.21945556109137,1.5837441717245866,0.980644984597158
8,pca,37,0.8642261161421272,0.2014928780870119,216.88077278670755,1.5672331246398066,0.9792536446629476
8,change_a_b,7,2.6904139465682952,0.1113212912305478,13678.647396247108,8.624964483249224,0.9796588907503454
8,change_a_b,11,2.6747586024206673,0.110673519861612,13649.9508400444,8.5598673749909,0.9819472384716954
8,change_a_b,19,2.6824581431199395,0.1109921038526066,13518.751617627846,7.969765767778161,0.9812367125748832
8,change_a_b,29,2.679378085029888,0.1108646602508192,13342.72385072135,8.248536498974987,0.9801286021012652
8,change_a_b,37,2.676248142607809,0.1107351525844069,13529.291180756396,8.181152259694631,0.9786658813534912
8,change_b,7,5745.862613705554,0.1113217173498751,14728.080256636054,8.586698499315313,0.9803185987791512
8,change_b,11,5712.031314549266,0.1106662616636789,14703.23256510349,8.500152484982497,0.9826648397787304
8,change_b,19,5726.91983483105,0.1109547154186666,14566.50600393803,7.91268469571493,0.9819091737145574
8,change_b,29,5721.402793326332,0.1108478269362426,14361.051878160057,8.186076592710716,0.9807660592539484
8,change_b,37,5714.613691966239,0.1107162932617574,14565.181893539311,8.12732896012478,0.9794095257405996
8,mlp_log_singular_values,7,280.77880407425783,0.1084847127917634,2339201.959225997,95.54857825335374,0.9793015990010184
8,mlp_log_singular_values,11,279.11436832432753,0.1078416235283595,2334141.7121266727,93.34943426502709,0.9815458131095768
8,mlp_log_singular_values,19,279.97101714846355,0.1081726075638397,2311300.504362557,89.1742597380617,0.9808697683594048
8,mlp_log_singular_values,29,279.6162962564945,0.1080355537922298,2282520.752802363,91.8516206915838,0.979770664919253
8,mlp_log_singular_values,37,279.2582937684821,0.1078972321079459,2314928.3119920697,93.17353233448596,0.9782378597398668
16,svd_sqrt,7,0.5928504732910922,0.2386315912463627,280.83363950618235,1.7431801734439576,0.9879579144762528
16,svd_sqrt,11,0.5937089762522276,0.2389771521203689,276.9849105131953,1.660392555561225,0.989187862859498
16,svd_sqrt,19,0.592998547526013,0.2386911934426898,272.88350292660726,1.6604866203847006,0.9887974633708392
16,svd_sqrt,29,0.5943688524498025,0.2392427626143249,269.2827531014859,1.685869707001231,0.986218319138544
16,svd_sqrt,37,0.5960150235402477,0.2399053722342447,272.9431079334386,1.5814788051215527,0.985431881759526
16,svd_full,7,1.5000979437790694,0.1884411830326844,510.842213870838,2.149662903691498,0.98802329940634
16,svd_full,11,1.5012116034544127,0.1885810801291292,505.289431730451,2.0460750866709607,0.9892592995520916
16,svd_full,19,1.500375380592879,0.1884760344379729,484.54994388207245,2.0406422283261048,0.9888622283671206
16,svd_full,29,1.5032183233902514,0.1888331627883268,492.1499977369896,2.0906982053465377,0.9862785165365116
16,svd_full,37,1.5071555759559525,0.1893277575142618,499.9739091808864,1.9507079594242551,0.9854968697939196
16,svd_noscale,7,0.2528592134661422,0.3004045670099435,177.68189126115425,1.4753476979765323,0.9878019505909668
16,svd_noscale,11,0.2533714341656561,0.3010131010449178,173.11329561742664,1.406015073600872,0.9890147907755332
16,svd_noscale,19,0.2529273702925596,0.3004855394279464,172.33900399952694,1.4130815055896573,0.988643281143717
16,svd_noscale,29,0.2536122128080478,0.3012991535198165,166.09113140490012,1.419267778585154,0.9860709226689544
16,svd_noscale,37,0.2543284321289892,0.3021500442271087,170.8946071948656,1.3400482340550195,0.9852783921285584
16,pca,7,0.5867052114518403,0.2374652427372683,279.84067969873416,1.7405244179292745,0.9879910693756484
16,pca,11,0.5875485996465264,0.237806598802399,275.6149722178856,1.6562746007947236,0.9891553171524288
16,pca,19,0.5868118065984549,0.237508386452155,268.4389451716501,1.6585267153190433,0.9887817011128428
16,pca,29,0.5882241443694233,0.2380800212784081,267.31546186758004,1.686409187100711,0.9862310730975484
16,pca,37,0.5897932049369045,0.2387150886704368,272.98199908358396,1.580661538055114,0.9854166917515476
16,change_a_b,7,16734.032477248988,0.100001454630198,30629.865432936072,11.790525512645424,0.9880777990743635
16,change_a_b,11,16701.243093757,0.0998055074757937,30136.90312634072,11.24872929402817,0.989318063113189
16,change_a_b,19,16729.143871789693,0.0999722406521741,28642.310496618953,11.317410541135434,0.9889160463050624
16,change_a_b,29,16741.702638273455,0.1000472909975373,29231.860931662748,12.043160758105168,0.9863263592278454
16,change_a_b,37,16767.024341202774,0.1001986117942484,29877.172193513943,11.105488957791714,0.985550795529306
16,change_b,7,2039.3755825469575,0.1000013885286942,30627.516002542132,11.79041832530561,0.9880774248967746
16,change_b,11,2035.3796480377569,0.0998054466910015,30134.66875657637,11.248575367955016,0.989317163992474
16,change_b,19,2038.78001301807,0.0999721845996269,28640.230902355703,11.317324823246198,0.9889154363220496
16,change_b,29,2040.3103036671955,0.1000472228569615,29229.685243114844,12.042975104366304,0.9863259036680956
16,change_b,37,2043.397860854794,0.1001986221423918,29874.96168673067,11.10540080363623,0.9855502191625464
16,mlp_log_singular_values,7,325.6920983507569,0.0962187824433076,1948018.913597633,96.82310768037044,0.9876948724920036
16,mlp_log_singular_values,11,325.07059041165564,0.0960351711813765,1930567.2708958948,90.2078795869789,0.9889210858447288
16,mlp_log_singular_values,19,325.6329831585316,0.0962013181208735,1873566.101260536,94.02130017398792,0.9885447163668918
16,mlp_log_singular_values,29,325.86021660289043,0.0962684493944209,1890521.3950383551,95.87566393047618,0.9859992780299836
16,mlp_log_singular_values,37,326.38307358469626,0.0964229163355475,1909375.0764522844,89.47117417959724,0.9851764583612932
32,svd_sqrt,7,0.5097887111195967,0.3105831821112508,479.4962167858663,1.8453437178684176,0.9922906375065028
32,svd_sqrt,11,0.5098987679626336,0.3106502330360319,481.96240001532,1.7576080483776422,0.9928600470918564
32,svd_sqrt,19,0.5100302282400705,0.3107303237685196,462.0001710147199,1.841522949142164,0.9927705731693158
32,svd_sqrt,29,0.512154681593714,0.3120246236783243,466.9890464164482,1.7876868746616763,0.9909982592973052
32,svd_sqrt,37,0.5134808401188177,0.3128325712176217,472.82852843326447,1.7151783814175432,0.9901527800456464
32,svd_full,7,1.111742164422713,0.2374008662134453,850.7659325893429,2.03253536545504,0.9923552580270506
32,svd_full,11,1.11110297405365,0.2372643738214619,854.748808297885,1.9743155721075232,0.9929306873421584
32,svd_full,19,1.1127067308203935,0.2376068392399777,830.2040960051538,2.0280983874188663,0.992836534779034
32,svd_full,29,1.116939731121308,0.2385107520088531,844.4904129399553,2.0031837551870515,0.9910646620886416
32,svd_full,37,1.1195542403880947,0.2390690530111187,848.7308022904001,1.9026315360428576,0.9902172860732208
32,svd_noscale,7,0.2500986837751501,0.3860431757022483,332.18286010529283,1.766184764097808,0.9921434794820791
32,svd_noscale,11,0.250276839692045,0.3863181706558006,326.4084385725527,1.6584267150861978,0.9926916409259846
32,svd_noscale,19,0.2501524637687111,0.3861261885321846,319.0273101828893,1.7639951887677043,0.9926201981567312
32,svd_noscale,29,0.2512492835108867,0.3878191993471599,312.11207948365995,1.6886372141440922,0.9908437472499692
32,svd_noscale,37,0.2519380286583383,0.3888823211515544,316.391547099777,1.6319765974753937,0.9900070722170428
32,pca,7,0.5074007577622967,0.3103465865971355,478.3636708993959,1.837936789032247,0.9923109938967708
32,pca,11,0.507432317076327,0.3103658895351678,481.24186918523503,1.752127548710313,0.992866262954066
32,pca,19,0.507649287536795,0.3104985973421006,461.341289308744,1.8386255036389083,0.9927876828957936
32,pca,29,0.5097468410866183,0.3117815449420671,466.0836866500214,1.781578684016623,0.9910088550446072
32,pca,37,0.5110774187715261,0.3125953794434869,471.982165182624,1.7116105591098072,0.9901431176416912
32,change_a_b,7,78500.21926677704,0.0942503619000004,83036.19899859934,9.137889817709334,0.9924181822264148
32,change_a_b,11,78053.08094117852,0.0937135105459449,82181.04035542608,9.623771332612568,0.9929948328030808
32,change_a_b,19,78764.02347098019,0.0945670953046854,81952.68358893176,9.130988194330746,0.9928985902558136
32,change_a_b,29,78876.60890919724,0.0947022696824864,82735.80726581828,9.266788669792415,0.9911276079697906
32,change_a_b,37,78915.85836600715,0.0947493940796316,82589.07701776703,8.546515609434776,0.9902810017493572
32,change_b,7,875.6753758488693,0.0942503969568452,83014.83615362305,9.137709614819856,0.9924166701651124
32,change_b,11,870.6874112529322,0.0937135340323648,82159.94878811181,9.623449027735676,0.9929934992596348
32,change_b,19,878.6171166157505,0.09456702140772,81931.47528727344,9.130867766282933,0.992897344298021
32,change_b,29,879.8719725350513,0.0947020836371485,82714.20999999046,9.266524619338886,0.9911263410988004
32,change_b,37,880.3121805396864,0.0947494639567563,82567.8105913724,8.54647788352302,0.99027964118237
32,mlp_log_singular_values,7,476.185801645809,0.0893996594048328,9749379.100962589,73.85710021901762,0.9919959123171216
32,mlp_log_singular_values,11,473.3270840677515,0.0888629605428977,9779733.02326735,76.07715311757384,0.9926046206655054
32,mlp_log_singular_values,19,477.74766897095384,0.0896928861378032,9632701.906600451,74.41309796308086,0.9925199563043112
32,mlp_log_singular_values,29,478.25852962676817,0.0897887956934331,9751448.442804473,72.29018563905747,0.9907190173235548
32,mlp_log_singular_values,37,478.6845219181512,0.089868771966617,9759614.955965647,69.93618758742194,0.9898580002968806
64,svd_sqrt,7,0.3585865652744205,0.3524334179240024,834.6959645924933,2.324818327151006,0.9956148820009684
64,svd_sqrt,11,0.3582250120268972,0.3520780687304579,820.5322400612738,1.815869765455464,0.99613926285489
64,svd_sqrt,19,0.3578552701537317,0.3517146714235633,794.8700583717648,2.177656825594093,0.9952056462982382
64,svd_sqrt,29,0.3605739856163973,0.3543867352309087,794.0441511822805,2.1428207038576037,0.9947386579702604
64,svd_sqrt,37,0.3613494520808344,0.3551488951192409,796.2054642455938,2.005243141033338,0.9936556361597036
64,svd_full,7,0.7097801130313133,0.2681297451614195,1563.9804145862145,2.417592393597499,0.9956709269216086
64,svd_full,11,0.7083989025449714,0.2676079728421931,1534.1879702464023,1.9968223194611456,0.9961970515501885
64,svd_full,19,0.7081166524879459,0.2675013487843016,1490.417360699806,2.2495930837695366,0.9952614456934262
64,svd_full,29,0.7136868642716101,0.269605577176487,1487.998935764106,2.2477850352801334,0.9947952864719448
64,svd_full,37,0.7150961024866882,0.2701379373772637,1490.3304488609197,2.1192693903884674,0.993708036899825
64,svd_noscale,7,0.1934193179202475,0.4291216808098634,565.6591381253536,2.3189342646734663,0.9954965834380178
64,svd_noscale,11,0.1933421984012665,0.4289505828142536,556.8724877140708,1.7725486806951456,0.9960047450594688
64,svd_noscale,19,0.1930725364828091,0.4283523086762661,553.3220411200533,2.189054239776312,0.9950877607781796
64,svd_noscale,29,0.1945000834525866,0.4315194760600251,542.9079099015114,2.130307395840698,0.9946147867822543
64,svd_noscale,37,0.1949406928334295,0.4324970156363248,547.6825736994564,1.971210549401229,0.9935424246325508
64,pca,7,0.3584876212975221,0.3531440317252182,829.8042098424928,2.320440878473783,0.995565928697748
64,pca,11,0.3581276170874797,0.352789393710906,815.4150169450148,1.8006663855610825,0.9961733852138216
64,pca,19,0.3578145742786266,0.3524810170946624,789.2543425445008,2.1705141772147307,0.9952008693828924
64,pca,29,0.3604828465775974,0.3551095163270451,786.594082289962,2.1315855463875693,0.9947107197676954
64,pca,37,0.3612489521471089,0.3558642023844471,793.7972952652832,1.9975970107563732,0.9936063734334678
64,change_a_b,7,3.48913992312,0.0892660774074175,240285.00607747515,10.31440081150509,0.9954252957602652
64,change_a_b,11,3.4615394302471585,0.0885599470178208,237681.90211285156,10.10344414566722,0.9959990729242888
64,change_a_b,19,3.4776179975936157,0.0889713007235976,232702.08605364757,9.580379928265014,0.9950632561679452
64,change_a_b,29,3.50860338783462,0.0897640302514176,234921.67311409872,9.91565036776188,0.9945464476188584
64,change_a_b,37,3.512450919294426,0.0898624654098481,232170.35752746023,9.33541938421,0.9934433237394148
64,change_b,7,405.9465027952478,0.0893439420167782,265986.38635191834,10.31418085558104,0.9957337473933164
64,change_b,11,402.2023474713471,0.0885198984695201,263011.0140891034,10.08859162899819,0.9962550291897904
64,change_b,19,404.2698104631654,0.0889749222039062,257300.4246717544,9.554714361268104,0.9953211028842812
64,change_b,29,408.232341191431,0.0898470275507637,259981.6983916815,9.875191230242397,0.9948565799805832
64,change_b,37,408.3060696780467,0.0898632543037665,256327.2770944541,9.30517457704961,0.9937669087568628
64,mlp_log_singular_values,7,124.1761888696326,0.083998342183324,15393817.395714257,60.37861738707884,0.994939066341228
64,mlp_log_singular_values,11,123.28705813384106,0.0833968942852158,15300164.301383344,56.36627874405578,0.9955750191953356
64,mlp_log_singular_values,19,123.81411690977582,0.083753420474453,14902188.487016536,56.53797591185312,0.9946244136122164
64,mlp_log_singular_values,29,124.83941472405898,0.0844469778901536,14859485.26442778,56.69212623625963,0.9940982771265092
64,mlp_log_singular_values,37,125.08425243802832,0.0846125970983495,14905151.763732588,54.98458648892694,0.9930137159173406
8,random_orthogonal,7,0.21419451015546243,0.8148266407903562,24.171766006734156,1.297529589020357,0.8891640034022891
8,random_orthogonal,11,0.2142571058484643,0.8150647637852902,23.597148075168,1.2887157195356014,0.8911539177901356
8,random_orthogonal,19,0.2142228391870047,0.8149344084898722,20.929266294743925,1.2950567073049233,0.8898274122847913
8,random_orthogonal,29,0.21411312330000187,0.8145170335180163,20.57776468675162,1.270600911612131,0.8821803814700113
8,random_orthogonal,37,0.2141213495197588,0.8145483272379443,22.45365084803376,1.2932255888522275,0.8941191019294431
16,random_orthogonal,7,0.21743672932068434,0.6960178405290627,69.92913167747531,2.024256252348238,0.9227024692021433
16,random_orthogonal,11,0.21670119025269477,0.6936633702639594,68.0059399620452,1.908662120848232,0.9259564839297362
16,random_orthogonal,19,0.21725344241600528,0.6954311367279592,62.718519720228954,1.9362220609826393,0.920762159265293
16,random_orthogonal,29,0.21779871316236565,0.6971765555841529,60.38313987289404,1.9716592858802662,0.9207221861923006
16,random_orthogonal,37,0.217510816154567,0.6962549934622021,65.73448985398663,1.9088861913610062,0.917561295468987
32,random_orthogonal,7,0.14639863749386559,0.5594356911845435,118.00295465227234,1.785054550023785,0.9733378948971999
32,random_orthogonal,11,0.146211145145472,0.558719223372336,115.49813611407349,1.6123022952883455,0.9717806694930845
32,random_orthogonal,19,0.14654380234520364,0.5599904121869668,112.29634758095776,1.740002250523154,0.9720205272180755
32,random_orthogonal,29,0.14660794856682785,0.5602355352731206,108.19177555738742,1.6745629462103864,0.9734051238401755
32,random_orthogonal,37,0.1468250840693278,0.5610652789920596,117.2971368725708,1.672633784261273,0.9713717328160718
64,random_orthogonal,7,0.19596576249992392,0.5971338616633179,422.1115466190997,2.5473400072139305,0.9832502602380383
64,random_orthogonal,11,0.19642242631202012,0.5985253773144205,422.20847938069204,2.048089396049073,0.9857643908928981
64,random_orthogonal,19,0.19618926640976822,0.5978149079393592,391.0644315105987,2.448182997293791,0.9855143487863774
64,random_orthogonal,29,0.19652635853548425,0.5988420726858806,390.04650412713596,2.3535579593844504,0.9840264886769844
64,random_orthogonal,37,0.19657099020259364,0.5989780713388776,401.7845955666529,2.198644488659186,0.9844787822333798
