rank,metric,strategy_a,strategy_b,mean_a,mean_b,mean_diff_a_minus_b,t_stat,p_value,significant_p_lt_0_05
8,val_relative_mse,change_a_b,change_b,0.1109173455559985,0.1109013629260441,1.5982629954383597e-05,2.507452916786952,0.06623717869341611,False
8,val_relative_mse,change_a_b,mlp_log_singular_values,0.1109173455559985,0.10808634595682767,0.0028309995991708413,861.9721527248255,1.0868620168171491e-11,True
8,val_relative_mse,change_a_b,pca,0.1109173455559985,0.2015411213622796,-0.0906237758062811,-2483.2127964336337,1.577956513878847e-13,True
8,val_relative_mse,change_a_b,random_orthogonal,0.1109173455559985,0.8147782347642959,-0.7038608892082973,-4640.775163786608,1.2935672239597715e-14,True
8,val_relative_mse,change_a_b,svd_full,0.1109173455559985,0.168899053634901,-0.057981708078902496,-2284.7723591287377,2.201805495690085e-13,True
8,val_relative_mse,change_a_b,svd_noscale,0.1109173455559985,0.2462195345652972,-0.13530218900929863,-2317.030094182814,2.0817281399484168e-13,True
8,val_relative_mse,change_a_b,svd_sqrt,0.1109173455559985,0.20200555892047256,-0.09108821336447408,-2287.8819133983066,2.1898596279835964e-13,True
8,val_relative_mse,change_b,mlp_log_singular_values,0.1109013629260441,0.10808634595682767,0.002815016969216458,306.87743864914876,6.764888831120078e-10,True
8,val_relative_mse,change_b,pca,0.1109013629260441,0.2015411213622796,-0.09063975843623548,-2347.731448432293,1.9749543208837944e-13,True
8,val_relative_mse,change_b,random_orthogonal,0.1109013629260441,0.8147782347642959,-0.7038768718382518,-4610.502492040835,1.3278776762384443e-14,True
8,val_relative_mse,change_b,svd_full,0.1109013629260441,0.168899053634901,-0.057997690708856874,-2096.0246875587686,3.108601248044531e-13,True
8,val_relative_mse,change_b,svd_noscale,0.1109013629260441,0.2462195345652972,-0.13531817163925305,-2223.66224977105,2.454004595610968e-13,True
8,val_relative_mse,change_b,svd_sqrt,0.1109013629260441,0.20200555892047256,-0.09110419599442846,-2155.20204166002,2.7809851376446214e-13,True
8,val_relative_mse,mlp_log_singular_values,pca,0.10808634595682767,0.2015411213622796,-0.09345477540545194,-2467.891881146698,1.6175073322126782e-13,True
8,val_relative_mse,mlp_log_singular_values,random_orthogonal,0.10808634595682767,0.8147782347642959,-0.7066918888074681,-4682.623537123405,1.2479412584783775e-14,True
8,val_relative_mse,mlp_log_singular_values,svd_full,0.10808634595682767,0.168899053634901,-0.06081270767807334,-2277.628687630071,2.2295591320303486e-13,True
8,val_relative_mse,mlp_log_singular_values,svd_noscale,0.10808634595682767,0.2462195345652972,-0.13813318860846951,-2324.6790091035773,2.0544649579815657e-13,True
8,val_relative_mse,mlp_log_singular_values,svd_sqrt,0.10808634595682767,0.20200555892047256,-0.09391921296364492,-2295.8382678333887,2.1596607665988473e-13,True
8,val_relative_mse,pca,random_orthogonal,0.2015411213622796,0.8147782347642959,-0.6132371134020163,-3613.4803568810876,3.5192347376107075e-14,True
8,val_relative_mse,pca,svd_full,0.2015411213622796,0.168899053634901,0.03264206772737861,2681.579524029185,1.1603476435450572e-13,True
8,val_relative_mse,pca,svd_noscale,0.2015411213622796,0.2462195345652972,-0.044678413203017575,-1988.938668893371,3.834113393545574e-13,True
8,val_relative_mse,pca,svd_sqrt,0.2015411213622796,0.20200555892047256,-0.0004644375581929705,-77.1950120549274,1.6877518212062485e-07,True
8,val_relative_mse,random_orthogonal,svd_full,0.8147782347642959,0.168899053634901,0.6458791811293949,3887.189148897063,2.6278971498530048e-14,True
8,val_relative_mse,random_orthogonal,svd_noscale,0.8147782347642959,0.2462195345652972,0.5685587001989987,3088.186264965286,6.596855914521019e-14,True
8,val_relative_mse,random_orthogonal,svd_sqrt,0.8147782347642959,0.20200555892047256,0.6127726758438232,3526.890152156375,3.877781049342807e-14,True
8,val_relative_mse,svd_full,svd_noscale,0.168899053634901,0.2462195345652972,-0.07732048093039619,-2312.6602097173327,2.0975068899928085e-13,True
8,val_relative_mse,svd_full,svd_sqrt,0.168899053634901,0.20200555892047256,-0.03310650528557158,-2254.3887255934933,2.3229264836838203e-13,True
8,val_relative_mse,svd_noscale,svd_sqrt,0.2462195345652972,0.20200555892047256,0.044213975644824606,2354.039522011892,1.953870285222676e-13,True
16,val_relative_mse,change_a_b,change_b,0.1000050211099903,0.10000497296373519,4.814625511884163e-08,3.2586342490193454,0.03112090084178373,True
16,val_relative_mse,change_a_b,mlp_log_singular_values,0.1000050211099903,0.09622932749510521,0.003775693614885095,1609.4168246417848,8.942850782296645e-13,True
16,val_relative_mse,change_a_b,pca,0.1000050211099903,0.23791506758813347,-0.13791004647814314,-721.8311565682856,2.210055596031467e-11,True
16,val_relative_mse,change_a_b,random_orthogonal,0.1000050211099903,0.6957087793134672,-0.595703758203477,-1113.7631556086992,3.8992181084086845e-12,True
16,val_relative_mse,change_a_b,svd_full,0.1000050211099903,0.188731843580475,-0.08872682247048472,-724.5816694368415,2.1766889058539252e-11,True
16,val_relative_mse,change_a_b,svd_noscale,0.1000050211099903,0.30107048104594664,-0.20106545993595631,-714.5719881868387,2.30123849452949e-11,True
16,val_relative_mse,change_a_b,svd_sqrt,0.1000050211099903,0.2390896143315982,-0.1390845932216079,-719.5801120470869,2.237840101713011e-11,True
16,val_relative_mse,change_b,mlp_log_singular_values,0.10000497296373519,0.09622932749510521,0.003775645468629976,1610.5749172691842,8.917156923514893e-13,True
16,val_relative_mse,change_b,pca,0.10000497296373519,0.23791506758813347,-0.13791009462439824,-721.8737660632773,2.2095338404690367e-11,True
16,val_relative_mse,change_b,random_orthogonal,0.10000497296373519,0.6957087793134672,-0.5957038063497321,-1113.7655376857251,3.89918475064063e-12,True
16,val_relative_mse,change_b,svd_full,0.10000497296373519,0.188731843580475,-0.08872687061673984,-724.6513019312035,2.175852390577958e-11,True
16,val_relative_mse,change_b,svd_noscale,0.10000497296373519,0.30107048104594664,-0.2010655080822114,-714.6003908728335,2.3008726563245944e-11,True
16,val_relative_mse,change_b,svd_sqrt,0.10000497296373519,0.2390896143315982,-0.13908464136786303,-719.6228592828207,2.2373084213304563e-11,True
16,val_relative_mse,mlp_log_singular_values,pca,0.09622932749510521,0.23791506758813347,-0.14168574009302823,-742.9948607065795,1.968805285727837e-11,True
16,val_relative_mse,mlp_log_singular_values,random_orthogonal,0.09622932749510521,0.6957087793134672,-0.599479451818362,-1117.355066934372,3.8493209230357624e-12,True
16,val_relative_mse,mlp_log_singular_values,svd_full,0.09622932749510521,0.188731843580475,-0.09250251608536982,-757.842752490482,1.8189878682629416e-11,True
16,val_relative_mse,mlp_log_singular_values,svd_noscale,0.09622932749510521,0.30107048104594664,-0.20484115355084137,-728.9605964342342,2.1248564141315674e-11,True
16,val_relative_mse,mlp_log_singular_values,svd_sqrt,0.09622932749510521,0.2390896143315982,-0.14286028683649302,-740.5907923946653,1.9944940201586177e-11,True
16,val_relative_mse,pca,random_orthogonal,0.23791506758813347,0.6957087793134672,-0.4577937117253338,-828.5223784167216,1.2732980082081742e-11,True
16,val_relative_mse,pca,svd_full,0.23791506758813347,0.188731843580475,0.04918322400765842,711.4062907665724,2.3424737063649198e-11,True
16,val_relative_mse,pca,svd_noscale,0.23791506758813347,0.30107048104594664,-0.06315541345781314,-698.9596080612503,2.513836381876903e-11,True
16,val_relative_mse,pca,svd_sqrt,0.23791506758813347,0.2390896143315982,-0.0011745467434647661,-226.37612656119703,2.284400551199404e-09,True
16,val_relative_mse,random_orthogonal,svd_full,0.6957087793134672,0.188731843580475,0.5069769357329923,939.853949604775,7.689648518833662e-12,True
16,val_relative_mse,random_orthogonal,svd_noscale,0.6957087793134672,0.30107048104594664,0.3946382982675207,675.949310563427,2.874010801343404e-11,True
16,val_relative_mse,random_orthogonal,svd_sqrt,0.6957087793134672,0.2390896143315982,0.4566191649818691,824.0968155499695,1.3008704344387356e-11,True
16,val_relative_mse,svd_full,svd_noscale,0.188731843580475,0.30107048104594664,-0.11233863746547157,-704.8757985947067,2.4304966374006993e-11,True
16,val_relative_mse,svd_full,svd_sqrt,0.188731843580475,0.2390896143315982,-0.05035777075112319,-709.218872743256,2.3715067142107105e-11,True
16,val_relative_mse,svd_noscale,svd_sqrt,0.30107048104594664,0.2390896143315982,0.061980866714348395,701.0320207448506,2.4842422119965523e-11,True
32,val_relative_mse,change_a_b,change_b,0.09439652630254973,0.09439649999816696,2.6304382780284463e-08,0.5654736410377971,0.6019629605942419,False
32,val_relative_mse,change_a_b,mlp_log_singular_values,0.09439652630254973,0.08952261474911676,0.004873911553432983,419.88958278313925,1.9301649633304968e-10,True
32,val_relative_mse,change_a_b,pca,0.09439652630254973,0.3111175995719916,-0.21672107326944184,-624.0211200919002,3.9568233365562054e-11,True
32,val_relative_mse,change_a_b,random_orthogonal,0.09439652630254973,0.5598892282018053,-0.46549270189925557,-2065.5681884673486,3.2960396385193366e-13,True
32,val_relative_mse,change_a_b,svd_full,0.09439652630254973,0.23797037685897132,-0.1435738505564216,-618.9038203000453,4.089319447300171e-11,True
32,val_relative_mse,change_a_b,svd_noscale,0.09439652630254973,0.38703781107778956,-0.2926412847752399,-627.9496102726226,3.858732980559658e-11,True
32,val_relative_mse,change_a_b,svd_sqrt,0.09439652630254973,0.31136418676234967,-0.21696766045979993,-623.5739097184091,3.968186363264003e-11,True
32,val_relative_mse,change_b,mlp_log_singular_values,0.09439649999816696,0.08952261474911676,0.004873885249050203,421.17940343126827,1.9066300285207958e-10,True
32,val_relative_mse,change_b,pca,0.09439649999816696,0.3111175995719916,-0.21672109957382463,-624.033294851781,3.956514561032077e-11,True
32,val_relative_mse,change_b,random_orthogonal,0.09439649999816696,0.5598892282018053,-0.46549272820363835,-2065.6351474480302,3.295612286087038e-13,True
32,val_relative_mse,change_b,svd_full,0.09439649999816696,0.23797037685897132,-0.1435738768608044,-618.9226395877844,4.088822106309025e-11,True
32,val_relative_mse,change_b,svd_noscale,0.09439649999816696,0.38703781107778956,-0.2926413110796226,-627.9590760576422,3.858500323346039e-11,True
32,val_relative_mse,change_b,svd_sqrt,0.09439649999816696,0.31136418676234967,-0.21696768676418268,-623.5864509505825,3.9678671515905395e-11,True
32,val_relative_mse,mlp_log_singular_values,pca,0.08952261474911676,0.3111175995719916,-0.22159498482287482,-627.9983349014233,3.857535576982996e-11,True
32,val_relative_mse,mlp_log_singular_values,random_orthogonal,0.08952261474911676,0.5598892282018053,-0.4703666134526885,-2033.896694219955,3.506186302140008e-13,True
32,val_relative_mse,mlp_log_singular_values,svd_full,0.08952261474911676,0.23797037685897132,-0.14844776210985458,-625.0836263236662,3.929989124330973e-11,True
32,val_relative_mse,mlp_log_singular_values,svd_noscale,0.08952261474911676,0.38703781107778956,-0.2975151963286728,-631.1268608773196,3.781615111677707e-11,True
32,val_relative_mse,mlp_log_singular_values,svd_sqrt,0.08952261474911676,0.31136418676234967,-0.22184157201323287,-627.784079521288,3.862804356421511e-11,True
32,val_relative_mse,pca,random_orthogonal,0.3111175995719916,0.5598892282018053,-0.2487716286298137,-1120.204183492017,3.810308873549341e-12,True
32,val_relative_mse,pca,svd_full,0.3111175995719916,0.23797037685897132,0.07314722271302025,633.1447189951757,3.7336368362943415e-11,True
32,val_relative_mse,pca,svd_noscale,0.3111175995719916,0.38703781107778956,-0.07592021150579797,-636.049847311534,3.665890453533062e-11,True
32,val_relative_mse,pca,svd_sqrt,0.3111175995719916,0.31136418676234967,-0.00024658719035807185,-25.661132247122524,1.3698212227283658e-05,True
32,val_relative_mse,random_orthogonal,svd_full,0.5598892282018053,0.23797037685897132,0.321918851342834,2060.1082664658397,3.331120852052003e-13,True
32,val_relative_mse,random_orthogonal,svd_noscale,0.5598892282018053,0.38703781107778956,0.17285141712401575,526.2715789876804,7.821699545955669e-11,True
32,val_relative_mse,random_orthogonal,svd_sqrt,0.5598892282018053,0.31136418676234967,0.24852504143945567,1090.0387544688128,4.249922968723989e-12,True
32,val_relative_mse,svd_full,svd_noscale,0.23797037685897132,0.38703781107778956,-0.14906743421881824,-636.880505439036,3.646802888438363e-11,True
32,val_relative_mse,svd_full,svd_sqrt,0.23797037685897132,0.31136418676234967,-0.07339380990337832,-632.8842539779035,3.7397869288659763e-11,True
32,val_relative_mse,svd_noscale,svd_sqrt,0.38703781107778956,0.31136418676234967,0.0756736243154399,640.7952908987313,3.5584998613794056e-11,True
64,val_relative_mse,change_a_b,change_b,0.08928476416202033,0.08930980890894694,-2.5044746926616846e-05,-1.0474996777347434,0.3539892747207312,False
64,val_relative_mse,change_a_b,mlp_log_singular_values,0.08928476416202033,0.08404164638629918,0.005243117775721143,204.35721162738673,3.439711764306253e-09,True
64,val_relative_mse,change_a_b,pca,0.08928476416202033,0.3538776322484558,-0.26459286808643545,-566.1933332306791,5.838257063210854e-11,True
64,val_relative_mse,change_a_b,random_orthogonal,0.08928476416202033,0.5982588581883712,-0.5089740940263509,-1515.9434236084057,1.1361038123636664e-12,True
64,val_relative_mse,change_a_b,svd_full,0.08928476416202033,0.268596516268333,-0.17931175210631264,-554.5801230611829,6.342852869338941e-11,True
64,val_relative_mse,change_a_b,svd_noscale,0.08928476416202033,0.4300882127993466,-0.3408034486373263,-562.1265831124243,6.009046891001184e-11,True
64,val_relative_mse,change_a_b,svd_sqrt,0.08928476416202033,0.3531523576856347,-0.26386759352361433,-558.792549852759,6.153745754951128e-11,True
64,val_relative_mse,change_b,mlp_log_singular_values,0.08930980890894694,0.08404164638629918,0.00526816252264776,108.73711610009502,4.289386462235056e-08,True
64,val_relative_mse,change_b,pca,0.08930980890894694,0.3538776322484558,-0.26456782333950885,-567.8095438396006,5.7720690578763547e-11,True
64,val_relative_mse,change_b,random_orthogonal,0.08930980890894694,0.5982588581883712,-0.5089490492794242,-1439.2045743413116,1.398491173860157e-12,True
64,val_relative_mse,change_b,svd_full,0.08930980890894694,0.268596516268333,-0.17928670735938607,-557.6740612642842,6.203262526597724e-11,True
64,val_relative_mse,change_b,svd_noscale,0.08930980890894694,0.4300882127993466,-0.3407784038903997,-563.0295485305414,5.970591603883053e-11,True
64,val_relative_mse,change_b,svd_sqrt,0.08930980890894694,0.3531523576856347,-0.26384254877668767,-560.4354101744947,6.081906814764883e-11,True
64,val_relative_mse,mlp_log_singular_values,pca,0.08404164638629918,0.3538776322484558,-0.26983598586215657,-563.3280172668397,5.957948167614434e-11,True
64,val_relative_mse,mlp_log_singular_values,random_orthogonal,0.08404164638629918,0.5982588581883712,-0.514217211802072,-1595.153582424005,9.267019956652735e-13,True
64,val_relative_mse,mlp_log_singular_values,svd_full,0.08404164638629918,0.268596516268333,-0.18455486988203382,-549.6292004406389,6.574496154280724e-11,True
64,val_relative_mse,mlp_log_singular_values,svd_noscale,0.08404164638629918,0.4300882127993466,-0.3460465664130474,-560.5771494234837,6.07575808839383e-11,True
64,val_relative_mse,mlp_log_singular_values,svd_sqrt,0.08404164638629918,0.3531523576856347,-0.26911071129933545,-556.2074544538137,6.26894805457031e-11,True
64,val_relative_mse,pca,random_orthogonal,0.3538776322484558,0.5982588581883712,-0.2443812259399154,-492.5651771514992,1.0192588613044658e-10,True
64,val_relative_mse,pca,svd_full,0.3538776322484558,0.268596516268333,0.08528111598012278,588.6248611000573,4.9979106781564793e-11,True
64,val_relative_mse,pca,svd_noscale,0.3538776322484558,0.4300882127993466,-0.07621058055089083,-545.8630166766576,6.757823577198433e-11,True
64,val_relative_mse,pca,svd_sqrt,0.3538776322484558,0.3531523576856347,0.0007252745628211321,69.12191745808107,2.6247164951276886e-07,True
64,val_relative_mse,random_orthogonal,svd_full,0.5982588581883712,0.268596516268333,0.3296623419200382,812.8176791462791,1.3745935555275578e-11,True
64,val_relative_mse,random_orthogonal,svd_noscale,0.5982588581883712,0.4300882127993466,0.16817064538902457,279.5131131696679,9.828911923420246e-10,True
64,val_relative_mse,random_orthogonal,svd_sqrt,0.5982588581883712,0.3531523576856347,0.24510650050273655,489.9323350589483,1.0413453324693144e-10,True
64,val_relative_mse,svd_full,svd_noscale,0.268596516268333,0.4300882127993466,-0.16149169653101364,-568.6297254725563,5.738839253956845e-11,True
64,val_relative_mse,svd_full,svd_sqrt,0.268596516268333,0.3531523576856347,-0.08455584141730164,-566.1269573748945,5.84099555449802e-11,True
64,val_relative_mse,svd_noscale,svd_sqrt,0.4300882127993466,0.3531523576856347,0.07693585511371197,571.0914296446905,5.640528553468242e-11,True
